company,industry,change,year,rank,rq
Trader Joe's,Retail,NA,2017,NA,NA
HEB Grocery,Retail,NA,2017,NA,NA
Patagonia,Retail,NA,2017,NA,NA
The Hershey Company,Food & Beverage,NA,2017,NA,NA
Wegmans,Groceries,NA,2017,2,85.41
Samsung,Tech,NA,2017,49,67.55
Amazon.com,Ecommerce,NA,2017,1,86.27
Toyota Motor Corporation,Automotive,NA,2017,16,80.21
Honda Motor Company,Automotive,NA,2017,30,77.8
Sony,Tech,NA,2017,42,76.76
IBM,Tech,NA,2017,40,76.9
Tesla Motors,Automotive,NA,2017,9,81.7
Blue Cross Blue Shield Association,Healthcare,NA,2017,NA,NA
Berkshire Hathaway,Other,NA,2017,22,79.19
Microsoft,Tech,NA,2017,20,79.29
The Home Depot,Retail,NA,2017,44,75.5
UPS,Logistics,NA,2017,6,82.05
USAA,Financial Services,NA,2017,11,81.37
Publix Supermarkets,Groceries,NA,2017,3,82.78
Subaru,Automotive,NA,2017,NA,NA
Apple,Tech,NA,2017,5,82.07
Netflix,Tech,NA,2017,18,79.86
3M Company,Industrial,NA,2017,10,81.5
General Electric,Industrial,NA,2017,28,77.9
The Kroger Company,Groceries,NA,2017,21,79.2
Costco,Retail,NA,2017,14,81.14
LG Corporation,Tech,NA,2017,NA,NA
Chick-fil-A,Food & Beverage,NA,2017,25,78.52
Adidas,Retail,NA,2017,27,75.66
Walgreens,Retail,NA,2017,36,77.1
Google,Tech,NA,2017,8,82
Target,Retail,NA,2017,58,73.49
UnitedHealth Group,Healthcare,NA,2017,NA,NA
Lowe's,Retail,NA,2017,19,79.67
Unilever,Consumer Goods,NA,2017,NA,73.08
CVS (CVS Health),Retail,NA,2017,52,74.69
Procter & Gamble Co.,Consumer Goods,NA,2017,54,74.1
Dell,Tech,NA,2017,NA,73.4
FedEx Corporation,Logistics,NA,2017,23,78.99
The Kraft Heinz Company,Food & Beverage,NA,2017,NA,76.2
Ford Motor Company,Automotive,NA,2017,64,72.88
Nestle,Consumer Goods,NA,2017,27,78.06
Starbucks Corporation,Food & Beverage,NA,2017,55,74.07
Pfizer,Pharma,NA,2017,NA,69.54
Stellantis,Automotive,NA,2017,NA,NA
American Express,Financial Services,NA,2017,63,72.9
PepsiCo,Consumer Goods,NA,2017,53,74.34
JPMorgan Chase & Co.,Financial Services,NA,2017,80,67.07
Hobby Lobby,Retail,NA,2017,32,77.51
Best Buy,Retail,NA,2017,46,75.41
General Motors,Automotive,NA,2017,77,67.84
T-Mobile,Telecom,NA,2017,NA,NA
Yum! Brands,Food & Beverage,NA,2017,61,73.2
Nordstrom,Retail,NA,2017,45,75.49
State Farm Insurance,Financial Services,NA,2017,56,74.03
Nike,Retail,NA,2017,33,77.46
Progressive Corporation,Insurance,NA,2017,NA,72.7
The Coca-Cola Company,Food & Beverage,NA,2017,12,81.18
Spotify,Media,NA,2017,NA,NA
Citigroup,Financial Services,NA,2017,83,66.39
Kohl's,Retail,NA,2017,39,76.92
Royal Dutch Shell,Energy,NA,2017,79,75.17
Macy's,Retail,NA,2017,51,74.79
Wendy's,Food & Beverage,NA,2017,NA,NA
The Walt Disney Company,Media,NA,2017,7,82.04
Delta Air Lines,Airline,NA,2017,NA,69
Verizon Communications,Telecom,NA,2017,71,71.12
DoorDash,Food Delivery,NA,2017,41,76.79
"Electronic Arts, Inc.",Tech,NA,2017,NA,NA
Chipotle,Food & Beverage,NA,2017,84,66.36
AT&T,Telecom,NA,2017,75,68.42
Johnson & Johnson,Pharma,NA,2017,4,82.57
Robinhood,Tech,NA,2017,NA,NA
Dollar Tree,Retail,NA,2017,NA,70.38
Grubhub Inc.,Food Delivery,NA,2017,NA,NA
Big Lots,Retail,NA,2017,NA,NA
Walmart,Retail,NA,2017,76,67.96
Shein,Retail,NA,2017,NA,NA
Bank of America,Financial Services,NA,2017,95,59.69
Goldman Sachs,Financial Services,NA,2017,NA,56.3
Burger King,Food & Beverage,NA,2017,70,71.41
Spectrum,Telecom,NA,2017,NA,NA
eBay,Ecommerce,NA,2017,41,76.79
Subway,Food & Beverage,NA,2017,NA,NA
Comcast,Media,NA,2017,90,63.72
McDonald's,Food & Beverage,NA,2017,74,69.74
JCPenney,Retail,NA,2017,57,74
ExxonMobil,Energy,NA,2017,87,64.55
BP,Energy,NA,2017,89,63.99
My Pillow,Ecommerce,NA,2017,NA,NA
Uber,Tech,NA,2017,NA,72.13
Wells Fargo & Company,Financial Services,NA,2017,99,49.11
Sears Holdings Corporation,Retail,NA,2017,94,62.74
TikTok,Tech,NA,2017,NA,NA
Spirit Airlines,Airline,NA,2017,NA,NA
Fox Corporation,Media,NA,2017,NA,NA
Facebook,Tech,NA,2017,66,72.29
Twitter,Tech,NA,2017,NA,NA
Wish.com,Ecommerce,NA,2017,NA,NA
The Trump Organization,Other,NA,2017,NA,NA
Trader Joe's,Retail,NA,2018,NA,NA
HEB Grocery,Retail,NA,2018,NA,81.1
Patagonia,Retail,NA,2018,9,80.44
The Hershey Company,Food & Beverage,NA,2018,NA,NA
Wegmans,Groceries,0,2018,2,82.75
Samsung,Tech,-14,2018,35,70.1
Amazon.com,Ecommerce,0,2018,1,83.22
Toyota Motor Corporation,Automotive,26,2018,42,76.1
Honda Motor Company,Automotive,-11,2018,19,79.6
Sony,Tech,-11,2018,31,78.06
IBM,Tech,-8,2018,32,78.04
Tesla Motors,Automotive,-6,2018,3,81.96
Blue Cross Blue Shield Association,Healthcare,NA,2018,NA,NA
Berkshire Hathaway,Other,2,2018,24,78.97
Microsoft,Tech,-9,2018,11,80.42
The Home Depot,Retail,-18,2018,26,78.78
UPS,Logistics,1,2018,7,81.12
USAA,Financial Services,23,2018,34,77.78
Publix Supermarkets,Groceries,5,2018,8,80.81
Subaru,Automotive,NA,2018,NA,NA
Apple,Tech,24,2018,29,78.56
Netflix,Tech,3,2018,21,79.3
3M Company,Industrial,NA,2018,NA,81.34
General Electric,Industrial,24,2018,52,74.04
The Kroger Company,Groceries,-3,2018,18,79.67
Costco,Retail,3,2018,17,79.78
LG Corporation,Tech,NA,2018,NA,78.9
Chick-fil-A,Food & Beverage,-21,2018,4,81.68
Adidas,Retail,NA,2018,NA,NA
Walgreens,Retail,5,2018,41,76.12
Google,Tech,20,2018,28,78.6
Target,Retail,-9,2018,49,74.36
UnitedHealth Group,Healthcare,NA,2018,NA,NA
Lowe's,Retail,3,2018,22,79.27
Unilever,Consumer Goods,NA,2018,37,76.8
CVS (CVS Health),Retail,-5,2018,47,75.16
Procter & Gamble Co.,Consumer Goods,-34,2018,20,79.32
Dell,Tech,NA,2018,NA,77.3
FedEx Corporation,Logistics,NA,2018,NA,78.05
The Kraft Heinz Company,Food & Beverage,NA,2018,NA,80.2
Ford Motor Company,Automotive,-7,2018,57,72.66
Nestle,Consumer Goods,6,2018,33,77.9
Starbucks Corporation,Food & Beverage,-1,2018,54,73.94
Pfizer,Pharma,NA,2018,NA,71.09
Stellantis,Automotive,NA,2018,NA,NA
American Express,Financial Services,-13,2018,50,74.27
PepsiCo,Consumer Goods,-8,2018,45,75.39
JPMorgan Chase & Co.,Financial Services,-17,2018,63,70.82
Hobby Lobby,Retail,12,2018,44,75.45
Best Buy,Retail,0,2018,46,75.19
General Motors,Automotive,-13,2018,64,70.73
T-Mobile,Telecom,NA,2018,NA,NA
Yum! Brands,Food & Beverage,-8,2018,53,74.02
Nordstrom,Retail,10,2018,55,73.54
State Farm Insurance,Financial Services,NA,2018,NA,71.05
Nike,Retail,-21,2018,12,80.24
Progressive Corporation,Insurance,NA,2018,NA,73.2
The Coca-Cola Company,Food & Beverage,15,2018,27,78.77
Spotify,Media,NA,2018,NA,NA
Citigroup,Financial Services,-15,2018,68,69.62
Kohl's,Retail,-1,2018,38,76.65
Royal Dutch Shell,Energy,-13,2018,66,77.56
Macy's,Retail,7,2018,58,72.51
Wendy's,Food & Beverage,NA,2018,NA,74.08
The Walt Disney Company,Media,-2,2018,5,81.53
Delta Air Lines,Airline,NA,2018,NA,73.5
Verizon Communications,Telecom,-6,2018,65,70.32
DoorDash,Food Delivery,7,2018,48,75
"Electronic Arts, Inc.",Tech,NA,2018,NA,NA
Chipotle,Food & Beverage,-9,2018,75,67.69
AT&T,Telecom,-5,2018,70,68.31
Johnson & Johnson,Pharma,36,2018,40,76.49
Robinhood,Tech,NA,2018,NA,NA
Dollar Tree,Retail,NA,2018,61,71.5
Grubhub Inc.,Food Delivery,NA,2018,NA,NA
Big Lots,Retail,NA,2018,NA,NA
Walmart,Retail,-7,2018,69,68.52
Bank of America,Financial Services,-10,2018,85,64.94
Goldman Sachs,Financial Services,NA,2018,NA,61.4
Burger King,Food & Beverage,1,2018,71,68.26
Spectrum,Telecom,NA,2018,NA,NA
eBay,Ecommerce,7,2018,48,75
Subway,Food & Beverage,NA,2018,NA,NA
Comcast,Media,-12,2018,78,67.12
McDonald's,Food & Beverage,-15,2018,59,72.39
JCPenney,Retail,15,2018,72,68.07
ExxonMobil,Energy,-7,2018,80,66.54
BP,Energy,5,2018,94,60.05
My Pillow,Ecommerce,NA,2018,NA,NA
Uber,Tech,NA,2018,76,67.64
Wells Fargo & Company,Financial Services,-2,2018,97,57.78
Sears Holdings Corporation,Retail,-6,2018,88,64.09
TikTok,Tech,NA,2018,NA,NA
Spirit Airlines,Airline,NA,2018,NA,NA
Fox Corporation,Media,NA,2018,NA,NA
Facebook,Tech,-15,2018,51,74.07
Twitter,Tech,NA,2018,NA,65.15
Wish.com,Ecommerce,NA,2018,NA,NA
The Trump Organization,Other,NA,2018,96,57.94
Trader Joe's,Retail,NA,2019,NA,78.2
HEB Grocery,Retail,NA,2019,NA,82.5
Patagonia,Retail,-6,2019,3,81.4
The Hershey Company,Food & Beverage,NA,2019,NA,80.1
Wegmans,Groceries,-1,2019,1,83
Samsung,Tech,-28,2019,7,73.2
Amazon.com,Ecommerce,1,2019,2,82.3
Toyota Motor Corporation,Automotive,-5,2019,37,75.9
Honda Motor Company,Automotive,17,2019,36,76
Sony,Tech,-21,2019,10,79.4
IBM,Tech,17,2019,49,74.3
Tesla Motors,Automotive,39,2019,42,75.4
Blue Cross Blue Shield Association,Healthcare,NA,2019,NA,NA
Berkshire Hathaway,Other,21,2019,45,75.1
Microsoft,Tech,-2,2019,9,79.7
The Home Depot,Retail,-14,2019,12,79.1
UPS,Logistics,4,2019,11,79.3
USAA,Financial Services,-17,2019,17,78.8
Publix Supermarkets,Groceries,-2,2019,6,80.3
Subaru,Automotive,NA,2019,NA,NA
Apple,Tech,3,2019,32,76.4
Netflix,Tech,3,2019,24,77.3
3M Company,Industrial,NA,2019,NA,79.9
General Electric,Industrial,-9,2019,43,75.3
The Kroger Company,Groceries,3,2019,21,77.9
Costco,Retail,1,2019,18,78.6
LG Corporation,Tech,NA,2019,NA,79
Chick-fil-A,Food & Beverage,18,2019,22,77.5
Adidas,Retail,NA,2019,NA,77.3
Walgreens,Retail,-1,2019,40,75.4
Google,Tech,13,2019,41,75.4
Target,Retail,23,2019,72,69.9
UnitedHealth Group,Healthcare,NA,2019,NA,73
Lowe's,Retail,-2,2019,20,77.9
Unilever,Consumer Goods,-12,2019,25,77.3
CVS (CVS Health),Retail,1,2019,48,74.6
Procter & Gamble Co.,Consumer Goods,-12,2019,8,79.8
Dell,Tech,NA,2019,NA,77.1
FedEx Corporation,Logistics,NA,2019,NA,77.2
The Kraft Heinz Company,Food & Beverage,NA,2019,NA,79
Ford Motor Company,Automotive,1,2019,58,73
Nestle,Consumer Goods,-5,2019,28,77.1
Starbucks Corporation,Food & Beverage,5,2019,59,72.7
Pfizer,Pharma,NA,2019,NA,64.2
Stellantis,Automotive,NA,2019,NA,NA
American Express,Financial Services,-3,2019,47,74.6
PepsiCo,Consumer Goods,5,2019,50,74.2
JPMorgan Chase & Co.,Financial Services,-11,2019,52,73.6
Hobby Lobby,Retail,-28,2019,16,78.9
Best Buy,Retail,-12,2019,34,76.1
General Motors,Automotive,6,2019,70,70.2
T-Mobile,Telecom,NA,2019,NA,NA
Yum! Brands,Food & Beverage,15,2019,68,71.4
Nordstrom,Retail,-9,2019,46,74.9
State Farm Insurance,Financial Services,NA,2019,66,71.5
Nike,Retail,23,2019,35,76
Progressive Corporation,Insurance,NA,2019,NA,71.5
The Coca-Cola Company,Food & Beverage,4,2019,31,76.8
Spotify,Media,NA,2019,NA,74.8
Citigroup,Financial Services,7,2019,75,68.8
Kohl's,Retail,0,2019,38,75.9
Royal Dutch Shell,Energy,-10,2019,56,80
Macy's,Retail,11,2019,69,70.7
Wendy's,Food & Beverage,NA,2019,NA,72.3
The Walt Disney Company,Media,0,2019,5,80.4
Delta Air Lines,Airline,NA,2019,NA,69.8
Verizon Communications,Telecom,-1,2019,64,71.6
DoorDash,Food Delivery,9,2019,57,73.1
"Electronic Arts, Inc.",Tech,NA,2019,51,73.6
Chipotle,Food & Beverage,6,2019,81,66.8
AT&T,Telecom,4,2019,74,69.5
Johnson & Johnson,Pharma,-7,2019,33,76.3
Robinhood,Tech,NA,2019,NA,NA
Dollar Tree,Retail,4,2019,65,71.5
Grubhub Inc.,Food Delivery,NA,2019,NA,NA
Big Lots,Retail,NA,2019,NA,NA
Walmart,Retail,10,2019,79,66.9
Shein,Retail,NA,2019,NA,NA
Bank of America,Financial Services,7,2019,92,60.9
Goldman Sachs,Financial Services,NA,2019,NA,60
Burger King,Food & Beverage,NA,2019,NA,68
Spectrum,Telecom,NA,2019,NA,NA
eBay,Ecommerce,9,2019,57,73.1
Subway,Food & Beverage,NA,2019,NA,68.5
Comcast,Media,13,2019,91,61.4
McDonald's,Food & Beverage,29,2019,88,63.7
JCPenney,Retail,11,2019,83,66.6
ExxonMobil,Energy,-3,2019,77,67.5
BP,Energy,-10,2019,84,66.5
My Pillow,Ecommerce,NA,2019,NA,NA
Uber,Tech,2,2019,78,67.3
Wells Fargo & Company,Financial Services,-1,2019,96,52.7
Sears Holdings Corporation,Retail,9,2019,97,52.3
TikTok,Tech,NA,2019,NA,NA
Spirit Airlines,Airline,NA,2019,NA,61.8
Fox Corporation,Media,NA,2019,NA,NA
Facebook,Tech,43,2019,94,58.1
Twitter,Tech,NA,2019,89,61.9
Wish.com,Ecommerce,NA,2019,NA,NA
The Trump Organization,Other,2,2019,98,50.1
Trader Joe's,Retail,NA,2020,NA,80.7
HEB Grocery,Retail,NA,2020,NA,83.1
Patagonia,Retail,29,2020,32,76.1
The Hershey Company,Food & Beverage,NA,2020,NA,81.8
Wegmans,Groceries,5,2020,6,80.4
Samsung,Tech,15,2020,22,69.8
Amazon.com,Ecommerce,1,2020,3,81.4
Toyota Motor Corporation,Automotive,-22,2020,15,78.5
Honda Motor Company,Automotive,-20,2020,16,78.5
Sony,Tech,NA,2020,NA,78.2
IBM,Tech,-16,2020,33,76
Tesla Motors,Automotive,-24,2020,18,78.1
Blue Cross Blue Shield Association,Healthcare,NA,2020,NA,71.5
Berkshire Hathaway,Other,-5,2020,40,75.3
Microsoft,Tech,10,2020,19,77.8
The Home Depot,Retail,34,2020,46,74.6
UPS,Logistics,-1,2020,10,79.4
USAA,Financial Services,4,2020,21,77.7
Publix Supermarkets,Groceries,-2,2020,4,81.2
Subaru,Automotive,NA,2020,NA,NA
Apple,Tech,-5,2020,27,76.9
Netflix,Tech,-7,2020,17,78.4
3M Company,Industrial,NA,2020,12,78.9
General Electric,Industrial,-17,2020,26,77
The Kroger Company,Groceries,-12,2020,9,79.4
Costco,Retail,-11,2020,7,80.3
LG Corporation,Tech,NA,2020,NA,77.4
Chick-fil-A,Food & Beverage,-11,2020,11,79.2
Adidas,Retail,NA,2020,NA,78.8
Walgreens,Retail,-2,2020,38,75.6
Google,Tech,-17,2020,24,77.2
Target,Retail,-21,2020,51,74.2
UnitedHealth Group,Healthcare,NA,2020,NA,74.7
Lowe's,Retail,9,2020,29,76.5
Unilever,Consumer Goods,10,2020,35,75.9
CVS (CVS Health),Retail,-11,2020,37,75.6
Procter & Gamble Co.,Consumer Goods,0,2020,8,79.9
Dell,Tech,NA,2020,NA,73.5
FedEx Corporation,Logistics,NA,2020,20,77.7
The Kraft Heinz Company,Food & Beverage,NA,2020,NA,77.3
Ford Motor Company,Automotive,5,2020,63,72.4
Nestle,Consumer Goods,8,2020,36,75.9
Starbucks Corporation,Food & Beverage,-4,2020,55,73.5
Pfizer,Pharma,NA,2020,61,73
Stellantis,Automotive,NA,2020,NA,NA
American Express,Financial Services,NA,2020,NA,74.4
PepsiCo,Consumer Goods,-36,2020,14,78.7
JPMorgan Chase & Co.,Financial Services,10,2020,62,72.7
Hobby Lobby,Retail,NA,2020,NA,70.2
Best Buy,Retail,13,2020,47,74.6
General Motors,Automotive,-16,2020,54,73.8
T-Mobile,Telecom,NA,2020,NA,70.1
Yum! Brands,Food & Beverage,-19,2020,49,74.4
Nordstrom,Retail,19,2020,65,72
State Farm Insurance,Financial Services,-21,2020,45,74.6
Nike,Retail,21,2020,56,73.4
Progressive Corporation,Insurance,NA,2020,NA,74
The Coca-Cola Company,Food & Beverage,10,2020,41,75.2
Spotify,Media,NA,2020,NA,71.9
Citigroup,Financial Services,-15,2020,60,73.1
Kohl's,Retail,1,2020,39,75.4
Royal Dutch Shell,Energy,NA,2020,NA,77.6
Macy's,Retail,-11,2020,58,73.1
Wendy's,Food & Beverage,NA,2020,50,74.3
The Walt Disney Company,Media,18,2020,23,77.4
Delta Air Lines,Airline,NA,2020,NA,NA
Verizon Communications,Telecom,-12,2020,52,73.9
DoorDash,Food Delivery,21,2020,78,69.1
"Electronic Arts, Inc.",Tech,NA,2020,NA,75.3
Chipotle,Food & Beverage,-11,2020,70,71.2
AT&T,Telecom,2,2020,76,69.3
Johnson & Johnson,Pharma,35,2020,68,71.4
Robinhood,Tech,NA,2020,NA,NA
Dollar Tree,Retail,NA,2020,NA,69.6
Grubhub Inc.,Food Delivery,NA,2020,NA,72.3
Big Lots,Retail,NA,2020,NA,NA
Walmart,Retail,6,2020,85,68.1
Shein,Retail,NA,2020,NA,NA
Bank of America,Financial Services,-5,2020,87,67.8
Goldman Sachs,Financial Services,NA,2020,NA,73.8
Burger King,Food & Beverage,NA,2020,82,68.4
Spectrum,Telecom,NA,2020,NA,63.5
eBay,Ecommerce,21,2020,78,69.1
Subway,Food & Beverage,NA,2020,NA,69.4
Comcast,Media,2,2020,93,63.3
McDonald's,Food & Beverage,-16,2020,72,70.8
JCPenney,Retail,9,2020,92,63.5
ExxonMobil,Energy,-4,2020,73,70.6
BP,Energy,7,2020,91,65.6
My Pillow,Ecommerce,NA,2020,NA,NA
Uber,Tech,2,2020,80,68.7
Wells Fargo & Company,Financial Services,0,2020,96,61.2
Sears Holdings Corporation,Retail,NA,2020,NA,63.7
TikTok,Tech,NA,2020,NA,66.5
Spirit Airlines,Airline,NA,2020,NA,62.8
Fox Corporation,Media,NA,2020,94,63.1
Facebook,Tech,3,2020,97,60.8
Twitter,Tech,6,2020,95,62.1
Wish.com,Ecommerce,NA,2020,NA,NA
The Trump Organization,Other,1,2020,99,54.5
Trader Joe's,Retail,NA,2021,NA,NA
HEB Grocery,Retail,NA,2021,NA,NA
Patagonia,Retail,-31,2021,1,82.7
The Hershey Company,Food & Beverage,NA,2021,NA,NA
Wegmans,Groceries,7,2021,13,79.2
Samsung,Tech,9,2021,31,77.5
Amazon.com,Ecommerce,7,2021,10,80
Toyota Motor Corporation,Automotive,3,2021,18,78.7
Honda Motor Company,Automotive,-14,2021,2,81.6
Sony,Tech,NA,2021,34,77.3
IBM,Tech,6,2021,39,76.3
Tesla Motors,Automotive,-10,2021,8,80.2
Blue Cross Blue Shield Association,Healthcare,NA,2021,NA,NA
Berkshire Hathaway,Other,-13,2021,27,78
Microsoft,Tech,17,2021,36,76.8
The Home Depot,Retail,-1,2021,45,75.4
UPS,Logistics,9,2021,19,78.6
USAA,Financial Services,-9,2021,12,79.2
Publix Supermarkets,Groceries,19,2021,23,78.2
Subaru,Automotive,NA,2021,14,79.2
Apple,Tech,-11,2021,16,79.1
Netflix,Tech,21,2021,38,76.4
3M Company,Industrial,13,2021,25,78.1
General Electric,Industrial,14,2021,40,76.1
The Kroger Company,Groceries,21,2021,30,77.5
Costco,Retail,2,2021,9,80.1
LG Corporation,Tech,NA,2021,NA,NA
Chick-fil-A,Food & Beverage,-7,2021,4,81.1
Adidas,Retail,NA,2021,49,75.1
Walgreens,Retail,8,2021,46,75.3
Google,Tech,36,2021,60,73.3
Target,Retail,-10,2021,41,76
UnitedHealth Group,Healthcare,NA,2021,NA,NA
Lowe's,Retail,-7,2021,22,78.3
Unilever,Consumer Goods,-20,2021,15,79.2
CVS (CVS Health),Retail,-13,2021,24,78.2
Procter & Gamble Co.,Consumer Goods,27,2021,35,77
Dell,Tech,NA,2021,NA,NA
FedEx Corporation,Logistics,13,2021,33,77.4
The Kraft Heinz Company,Food & Beverage,NA,2021,NA,NA
Ford Motor Company,Automotive,-13,2021,50,75.1
Nestle,Consumer Goods,-7,2021,29,77.7
Starbucks Corporation,Food & Beverage,10,2021,65,72.3
Pfizer,Pharma,-54,2021,7,80.2
Stellantis,Automotive,NA,2021,NA,NA
American Express,Financial Services,NA,2021,44,75.6
PepsiCo,Consumer Goods,6,2021,20,78.5
JPMorgan Chase & Co.,Financial Services,-8,2021,54,74.5
Hobby Lobby,Retail,NA,2021,53,74.5
Best Buy,Retail,1,2021,48,75.2
General Motors,Automotive,14,2021,68,72
T-Mobile,Telecom,NA,2021,NA,74.3
Yum! Brands,Food & Beverage,21,2021,70,71.5
Nordstrom,Retail,-2,2021,63,72.8
State Farm Insurance,Financial Services,7,2021,52,74.7
Nike,Retail,6,2021,62,72.8
Progressive Corporation,Insurance,NA,2021,NA,NA
The Coca-Cola Company,Food & Beverage,17,2021,58,73.7
Spotify,Media,NA,2021,NA,NA
Citigroup,Financial Services,-17,2021,43,75.7
Kohl's,Retail,16,2021,55,74.4
Royal Dutch Shell,Energy,NA,2021,69,71.6
Macy's,Retail,6,2021,64,72.3
Wendy's,Food & Beverage,17,2021,67,72.1
The Walt Disney Company,Media,14,2021,37,76.7
Delta Air Lines,Airline,NA,2021,NA,70.4
Verizon Communications,Telecom,9,2021,61,73.2
DoorDash,Food Delivery,-12,2021,66,72.1
"Electronic Arts, Inc.",Tech,NA,2021,51,74.7
Chipotle,Food & Beverage,6,2021,76,70.8
AT&T,Telecom,10,2021,86,67.6
Johnson & Johnson,Pharma,4,2021,72,71.4
Robinhood,Tech,NA,2021,79,70.4
Dollar Tree,Retail,NA,2021,74,71.1
Grubhub Inc.,Food Delivery,NA,2021,NA,NA
Big Lots,Retail,NA,2021,NA,NA
Walmart,Retail,-2,2021,83,69.7
Shein,Retail,NA,2021,NA,NA
Bank of America,Financial Services,-10,2021,77,70.5
Goldman Sachs,Financial Services,NA,2021,NA,63.8
Burger King,Food & Beverage,2,2021,84,69.4
Spectrum,Telecom,NA,2021,11,79.9
eBay,Ecommerce,-12,2021,66,72.1
Subway,Food & Beverage,NA,2021,NA,NA
Comcast,Media,-1,2021,92,65.8
McDonald's,Food & Beverage,1,2021,73,71.1
JCPenney,Retail,-3,2021,89,66.3
ExxonMobil,Energy,7,2021,80,70.4
BP,Energy,-6,2021,85,68.2
My Pillow,Ecommerce,NA,2021,91,66
Uber,Tech,10,2021,90,66.2
Wells Fargo & Company,Financial Services,-1,2021,95,63
Sears Holdings Corporation,Retail,NA,2021,96,61.2
TikTok,Tech,NA,2021,94,63
Spirit Airlines,Airline,NA,2021,NA,NA
Fox Corporation,Media,5,2021,99,59.2
Facebook,Tech,1,2021,98,60
Twitter,Tech,-2,2021,93,63.4
Wish.com,Ecommerce,NA,2021,97,60.7
The Trump Organization,Other,1,2021,100,56.9
Trader Joe's,Retail,NA,2022,1,82.4
HEB Grocery,Retail,NA,2022,2,82
Patagonia,Retail,2,2022,3,81.8
The Hershey Company,Food & Beverage,NA,2022,4,81.8
Wegmans,Groceries,-8,2022,5,80.6
Samsung,Tech,-25,2022,6,80.5
Amazon.com,Ecommerce,-3,2022,7,80.3
Toyota Motor Corporation,Automotive,-10,2022,8,80.3
Honda Motor Company,Automotive,7,2022,9,80.1
Sony,Tech,-24,2022,10,79.6
IBM,Tech,-28,2022,11,79.5
Tesla Motors,Automotive,4,2022,12,79.5
Blue Cross Blue Shield Association,Healthcare,NA,2022,13,79.2
Berkshire Hathaway,Other,-13,2022,14,79.1
Microsoft,Tech,-21,2022,15,79
The Home Depot,Retail,-29,2022,16,78.9
UPS,Logistics,-2,2022,17,78.9
USAA,Financial Services,6,2022,18,78.9
Publix Supermarkets,Groceries,-4,2022,19,78.8
Subaru,Automotive,6,2022,20,78.8
Apple,Tech,5,2022,21,78.6
Netflix,Tech,-16,2022,22,78.5
3M Company,Industrial,-2,2022,23,78.4
General Electric,Industrial,-16,2022,24,78.4
The Kroger Company,Groceries,-5,2022,25,78.4
Costco,Retail,17,2022,26,78.2
LG Corporation,Tech,NA,2022,27,78.2
Chick-fil-A,Food & Beverage,24,2022,28,78.1
Adidas,Retail,-20,2022,29,77.9
Walgreens,Retail,-16,2022,30,77.9
Google,Tech,-29,2022,31,77.8
Target,Retail,-9,2022,32,77.8
UnitedHealth Group,Healthcare,NA,2022,33,77.5
Lowe's,Retail,12,2022,34,77.3
Unilever,Consumer Goods,20,2022,35,77.3
CVS (CVS Health),Retail,12,2022,36,77.1
Procter & Gamble Co.,Consumer Goods,2,2022,37,77
Dell,Tech,NA,2022,38,76.9
FedEx Corporation,Logistics,6,2022,39,76.8
The Kraft Heinz Company,Food & Beverage,NA,2022,40,76.7
Ford Motor Company,Automotive,-9,2022,41,76.6
Nestle,Consumer Goods,13,2022,42,76.6
Starbucks Corporation,Food & Beverage,-22,2022,43,76.6
Pfizer,Pharma,37,2022,44,76.4
Stellantis,Automotive,NA,2022,45,76.3
American Express,Financial Services,2,2022,46,76
PepsiCo,Consumer Goods,27,2022,47,75.8
JPMorgan Chase & Co.,Financial Services,-6,2022,48,75.7
Hobby Lobby,Retail,-4,2022,49,75.5
Best Buy,Retail,2,2022,50,75.4
General Motors,Automotive,-17,2022,51,75.4
T-Mobile,Telecom,NA,2022,52,75.4
Yum! Brands,Food & Beverage,-17,2022,53,75.3
Nordstrom,Retail,-9,2022,54,74.8
State Farm Insurance,Financial Services,3,2022,55,74.6
Nike,Retail,-6,2022,56,74.5
Progressive Corporation,Insurance,NA,2022,57,74.4
The Coca-Cola Company,Food & Beverage,0,2022,58,74.4
Spotify,Media,NA,2022,59,74.3
Citigroup,Financial Services,17,2022,60,73.8
Kohl's,Retail,6,2022,61,73.8
Royal Dutch Shell,Energy,-7,2022,62,73.6
Macy's,Retail,-1,2022,63,73.5
Wendy's,Food & Beverage,-3,2022,64,73.5
The Walt Disney Company,Media,28,2022,65,73.4
Delta Air Lines,Airline,NA,2022,66,73.1
Verizon Communications,Telecom,6,2022,67,72.9
DoorDash,Food Delivery,2,2022,68,72.7
"Electronic Arts, Inc.",Tech,18,2022,69,72.3
Chipotle,Food & Beverage,-6,2022,70,72.2
AT&T,Telecom,-15,2022,71,71.9
Johnson & Johnson,Pharma,0,2022,72,71.8
Robinhood,Tech,-6,2022,73,71.8
Dollar Tree,Retail,0,2022,74,70.9
Grubhub Inc.,Food Delivery,NA,2022,75,70.9
Big Lots,Retail,NA,2022,76,70.8
Walmart,Retail,-6,2022,77,70.7
Shein,Retail,NA,2022,78,70.6
Bank of America,Financial Services,2,2022,79,70.5
Goldman Sachs,Financial Services,NA,2022,80,70.4
Burger King,Food & Beverage,-3,2022,81,70.3
Spectrum,Telecom,71,2022,82,70.3
eBay,Ecommerce,17,2022,83,69.8
Subway,Food & Beverage,NA,2022,84,69.6
Comcast,Media,-7,2022,85,69.5
McDonald's,Food & Beverage,13,2022,86,69.3
JCPenney,Retail,-2,2022,87,68.6
ExxonMobil,Energy,8,2022,88,68.1
BP,Energy,4,2022,89,68
My Pillow,Ecommerce,-1,2022,90,67.6
Uber,Tech,1,2022,91,67.3
Wells Fargo & Company,Financial Services,-3,2022,92,67.1
Sears Holdings Corporation,Retail,-3,2022,93,64.2
TikTok,Tech,0,2022,94,63.7
Spirit Airlines,Airline,NA,2022,95,63.3
Fox Corporation,Media,-3,2022,96,62.3
Facebook,Tech,-1,2022,97,60.9
Twitter,Tech,5,2022,98,60.3
Wish.com,Ecommerce,2,2022,99,60.1
The Trump Organization,Other,0,2022,100,54.5
Shein,Retail,NA,NA,NA,NA
